nama_bahan;satuan;stok;kebutuhan;updated_at
Glukosa;g;0;1000;01/01/2021
HCl 37%;ml;0;1000;01/01/2021
Potasium Hydrogen Phospate;g;0;500;01/01/2021
Mangan Sulfat (MnSO4);g;0;250;01/01/2021
Metanol Teknis (CH?OH);ml;0;6000;01/01/2021
Cobalt Chloride;g;0;25;01/01/2021
WPM;ml;0;1000;01/01/2021
Alkohol 70%;ml;0;30000;01/01/2021
MS (Media Kultur Jaringan);ml;0;50000;01/01/2021
2,4 Dichlorophenoxyacetic Acid;g;250;135;01/01/2021
Kalium Nitrat (KNO3);g;0;4000;01/01/2021
Kalsium Nitrat (CaNO3);g;0;4000;01/01/2021
Besi (Fe);g;0;100;01/01/2021
Mangan Fosfida (MnP);g;0;4000;01/01/2021
Kalium Sulfat (K2SO4);g;0;1000;01/01/2021
Aenonin;g;0;4000;01/01/2021
Magnesium (Mg);g;0;4000;01/01/2021
Mangan (Mn);g;0;1000;01/01/2021
Tembaga (Cu);g;0;4000;01/01/2021
Seng (Zn);g;0;4000;01/01/2021
Isoren;g;0;4000;01/01/2021
Amonium;g;0;30;01/01/2021
P isag;g;0;1000;01/01/2021
Iodine ;ml;0;125;01/01/2021
Methylene Blue (Methylthioninium Chloride);ml;0;500;01/01/2021
Eosin 0,5% ;ml;0;500;01/01/2021
Aquades;ml;0;10000;01/01/2021
6-Benzylaminopurine (BAP) 1 g;g;0;20;01/01/2021
Probiotik;ml;0;2500;01/01/2021
Mesran B Sae 40;ml;4000;4000;01/01/2021
Pertiwi Pingky Kangkung;g;0;1000;01/01/2021
Deterjen;g;0;900;01/01/2021
Dedak ;g;0;1000;01/01/2021
You Fragrant Bawang Daun ;g;0;10;01/01/2021
PM Maestro SP Bayam;g;0;25;01/01/2021
PM Mira (Bayam Merah) ;g;0;50;01/01/2021
PM Amigo SP Seledri;g;0;250;01/01/2021
PM Vanesa (Timun) ;g;0;500;01/01/2021
PM Bella Reg F1 (Mentimun Hyb) 20;g;0;250;01/01/2021
PM Grand Rapids (Lettuce) ;g;0;15;01/01/2021
PM Bara Reg (Cabe Rawit) ;g;0;10;01/01/2021
PM Shinta (Caisim) ;g;0;25;01/01/2021
Takii Pakchoy Green 20 ml;g;0;25;01/01/2021
You Red Rapid Lettuce Selada;g;0;10;01/01/2021
BA Natama SP F1 Tomat Super 0.15;g;0;10;01/01/2021
CS Cauliflower Tropical 10 g;g;0;20;01/01/2021
Buncis ;g;0;100;01/01/2021
MF Tomato Red Cherry;g;0;25;01/01/2021
PM Panex SP Cabe Besar F1;g;0;25;01/01/2021
Pertiwi Talenta Jagung Manis F1 250;g;0;250;01/01/2021
Kemangi;g;0;250;01/01/2021
TSP;g;0;1000;01/01/2021
Pupuk Kandang;karung;0;1;01/01/2021
Tomat Permata;bks;0;1;01/01/2021
Tomat Tantyna;bks;0;1;01/01/2021
Jagung Manis Bimmo 25 g;bks;0;1;01/01/2021
Tanah;karung;0;1;01/01/2021
Cocopeat;Karung;0;1;01/01/2021
Sekam Bakar;Karung;0;1;01/01/2021
Pupuk K Ksr;g;0;700;01/01/2021
Pupuk K Lils;g;0;400;01/01/2021
TOB;pcs;0;1;01/01/2021
Kompos;karung;0;0;01/01/2021
Tanah Lembang;karung;0;0;01/01/2021
Klinpak Alumunium Foil;pcs;0;0;01/01/2021
Fresh Seal Ware SW-22;pcs;0;0;01/01/2021
Lem Fox Kaleng;pcs;0;0;01/01/2021
Madu Murni 150 g;botol;0;0;01/01/2021
Swallow Agar Globe White;bungkus;0;0;01/01/2021
Duplex Tebal;lembar;0;0;01/01/2021
Plastik Parsel Tipis;rol;0;0;01/01/2021
Batuan Sedimen;pak;0;0;01/01/2021
Batuan Mineral;pak;0;0;01/01/2021
Batuan Beku;pak;0;0;01/01/2021
Kertas Saring;pak;0;0;01/01/2021
Potato Dextrose Agar 100 g;Botol;0;0;01/01/2021
Agar Lokal;g;0;0;01/01/2021
Arang Sekam ;karung;0;0;01/01/2021
Alkohol 95%;ml;0;0;01/01/2021
Asam Nitrat (HNO3);g;0;0;01/01/2021
Buffer 7;ml;0;0;01/01/2021
Buffer 4;ml;0;0;01/01/2021
Dextrose;ml;0;0;01/01/2021
Spirtus;ml;0;0;01/01/2021
Pupuk Hyponex;box;0;0;01/01/2021
Clorox (byclean);botol;0;0;01/01/2021
Media NA;botol;0;0;01/01/2021
Kalsium Amonium Nitrat;g;0;0;01/01/2021
Fe - EDTA;g;0;0;01/01/2021
Monokalium Posfat (MKP) (KH?PO?);g;0;0;01/01/2021
Amonium Sulfat ((NH?)?SO?);g;0;0;01/01/2021
Magnesium Sulfat (MgSO4);g;0;0;01/01/2021
Tembaga Sulfat (CuSO4);g;0;0;01/01/2021
Seng Sulfat (ZnSO4);g;0;0;01/01/2021
Asam Borat (H3BO3);g;0;0;01/01/2021
Amonium Hepta Molibdat;g;0;0;01/01/2021
Parafin Padat/Lilin Malam;pcs;0;0;01/01/2021
Silika Gel;bungkus;0;0;01/01/2021
Lanolin;botol;0;0;01/01/2021
Vaselin ;botol;0;0;01/01/2021
IAA (AUXIN);botol;0;0;01/01/2021
GA3 (GIBERELIN);botol;0;0;01/01/2021
Asam Sitrat;g;0;0;01/01/2021
Naphthalene Acetic Acid (NAA);g;0;0;01/01/2021
PPM;ml;0;0;01/01/2021
Natrium Hidroksida (NaOH);g;0;0;01/01/2021
Arang/Carbon Aktif;g;0;0;01/01/2021
Bakterisida Agrept;g;0;0;01/01/2021
Fungisida Antracol;g;0;0;01/01/2021
Sukrosa;g;0;0;01/01/2021
Indole Butyric Acid (IBA);g;0;0;01/01/2021
Kalium Klorida (KCl | KCL);g;0;0;01/01/2021
Asam Asetat Glasial;botol;0;0;01/01/2021
Asam Asetat;botol;0;0;01/01/2021
Paclobutrazol;g;0;0;01/01/2021
Citric Acid Monohydrate;g;0;0;01/01/2021
Teknis Lugol;botol;0;0;01/01/2021
Kalium Hidroksida (KOH);botol;0;0;01/01/2021
Benih Sayuran;bks;0;0;01/01/2021
Benih Bunga;bks;0;0;01/01/2021
Ubi;g;0;0;01/01/2021
Kentang;g;0;0;01/01/2021
Macam- macam Batu Batre;g;0;0;01/01/2021
Plastik;g;0;0;01/01/2021
Bahan Bakar;ml;0;0;01/01/2021
Bibit;pak;0;0;01/01/2021
Polybag;pak;0;0;01/01/2021
Macam Macam Baterai;pcs;0;0;01/01/2021
Praktikum Fisiologi Tumbuhan;pak;0;0;01/01/2021
Praktikum Dasperlintan;paket;0;0;01/01/2021
Karung;pcs;0;0;01/01/2021
Glumon;botol;0;0;01/01/2021
Alkohol 90%;ml;0;0;01/01/2021
Benih Tanaman;bks;0;0;01/01/2021
Bahan Tanam;g;0;0;01/01/2021
Pupuk Organik;g;0;25000;01/01/2021
Pupuk Kimia;g;0;0;01/01/2021
Pestisida;g;0;0;01/01/2021
Bahan Kimia;g;0;0;01/01/2021
ATK;pak;0;0;01/01/2021
Media Bakteri;botol;0;0;01/01/2021
Media Jamur;botol;0;0;01/01/2021
Biakan Murni Mikroorganisme;petri;0;0;01/01/2021
Biakan fungi;petri;0;0;01/01/2021
Media Tanam;karung;0;0;01/01/2021
AB MIX;paket;0;0;01/01/2021
Herbisida;botol;0;0;01/01/2021
Insektisida Curacron;Botol;0;0;01/01/2021
Jaring Serangga;lembar;0;0;01/01/2021
Petrogenol (Perangkap Serangga);botol;0;0;01/01/2021
Inokulum Mikoriza;g;0;0;01/01/2021
Pupuk NPK Mutiara;g;0;0;01/01/2021
Urea;g;0;0;01/01/2021
Ponska;pak;0;0;01/01/2021
Benih Jagung Var Paragon;pak;0;0;01/01/2021
Benih Jagung 4 Varietas;pak;0;0;01/01/2021
Benih Cabai 6 Varietas;pak;0;0;01/01/2021
Benih Cabai Rawit;pak;0;0;01/01/2021
Benih Bayam;pak;0;0;01/01/2021
Benih Kacang Panjang;pak;0;0;01/01/2021
Benih sawi;pak;0;0;01/01/2021
Benih Selada;pak;0;0;01/01/2021
Benih Mentimun;pak;0;0;01/01/2021
Benih Kangkung;pak;0;0;01/01/2021
Benih Kaylan;pak;0;0;01/01/2021
Benih Buncis;pak;0;0;01/01/2021
Benih Pakcoy;pak;0;0;01/01/2021
Benih Kubis;pak;0;0;01/01/2021
Benih Semangka;pak;0;0;01/01/2021
Benih Melon;pak;0;0;01/01/2021
Benih Rosela;pak;0;0;01/01/2021
Tray Semai 48 Lubang;pak;0;0;01/01/2021
Plastik Putih Ukuran 1kg;pak;0;0;01/01/2021
Plastik Putih Ukuran 1/2 kg;pak;0;0;01/01/2021
Plastik Zip Kecil;pak;0;0;01/01/2021
Plastik Kotak;pak;0;32;01/01/2021
Curacron;pak;0;0;01/01/2021
Fungisida Amistartop;pak;0;0;01/01/2021
Furadan;g;0;0;01/01/2021
Kacang Kedelai;pak;0;0;01/01/2021
Kacang Hijau;pak;0;0;01/01/2021
AMP Samsons;pak;0;0;01/01/2021
Plastik 6 x 10 cm;pak;0;0;01/01/2021
Praktikum BPO dan BTLJB;pak;0;0;01/01/2021
Glukosa;g;900;0;01/07/2021
HCl 37%;ml;530;0;01/07/2021
Potasium Hydrogen Phospate;g;450;0;01/07/2021
Mangan Sulfat (MnSO4);g;225;0;01/07/2021
Metanol Teknis (CH?OH);ml;3500;0;01/07/2021
Cobalt Chloride;g;10;0;01/07/2021
WPM;ml;650;0;01/07/2021
Alkohol 70%;ml;17000;0;01/07/2021
MS (Media Kultur Jaringan);ml;24600;0;01/07/2021
2,4 Dichlorophenoxyacetic Acid;g;115;0;01/07/2021
Kalium Nitrat (KNO3);g;2800;0;01/07/2021
Kalsium Nitrat (CaNO3);g;2550;0;01/07/2021
Besi (Fe);g;52;0;01/07/2021
Mangan Fosfida (MnP);g;2520;0;01/07/2021
Kalium Sulfat (K2SO4);g;780;0;01/07/2021
Aenonin;g;1250;0;01/07/2021
Magnesium (Mg);g;1900;0;01/07/2021
Mangan (Mn);g;320;0;01/07/2021
Tembaga (Cu);g;1360;0;01/07/2021
Seng (Zn);g;1100;0;01/07/2021
Isoren;g;2050;0;01/07/2021
Amonium;g;16;0;01/07/2021
P isag;g;490;0;01/07/2021
Iodine ;ml;80;0;01/07/2021
Methylene Blue (Methylthioninium Chloride);ml;290;0;01/07/2021
Eosin 0,5% ;ml;330;0;01/07/2021
Aquades;ml;4800;0;01/07/2021
6-Benzylaminopurine (BAP) 1 g;g;12;0;01/07/2021
Probiotik;ml;1020;0;01/07/2021
Mesran B Sae 40;ml;0;0;01/07/2021
Pertiwi Pingky Kangkung;g;570;250;01/07/2021
Deterjen;g;550;550;01/07/2021
Dedak ;g;320;320;01/07/2021
You Fragrant Bawang Daun ;g;0;50;01/07/2021
PM Maestro SP Bayam;g;0;50;01/07/2021
PM Mira (Bayam Merah) ;g;0;50;01/07/2021
PM Amigo SP Seledri;g;0;50;01/07/2021
PM Vanesa (Timun) ;g;200;50;01/07/2021
PM Bella Reg F1 (Mentimun Hyb) 20;g;0;250;01/07/2021
PM Grand Rapids (Lettuce) ;g;0;250;01/07/2021
PM Bara Reg (Cabe Rawit) ;g;0;250;01/07/2021
PM Shinta (Caisim) ;g;0;250;01/07/2021
Takii Pakchoy Green 20 ml;g;0;250;01/07/2021
You Red Rapid Lettuce Selada;g;0;250;01/07/2021
BA Natama SP F1 Tomat Super 0.15;g;0;250;01/07/2021
CS Cauliflower Tropical 10 g;g;10;250;01/07/2021
Buncis ;g;40;250;01/07/2021
MF Tomato Red Cherry;g;0;250;01/07/2021
PM Panex SP Cabe Besar F1;g;0;250;01/07/2021
Pertiwi Talenta Jagung Manis F1 250;g;0;250;01/07/2021
Kemangi;g;0;250;01/07/2021
TSP;g;0;2000;01/07/2021
Pupuk Kandang;karung;0;6;01/07/2021
Tomat Permata;bks;0;0;01/07/2021
Tomat Tantyna;bks;0;0;01/07/2021
Jagung Manis Bimmo 25 g;bks;0;0;01/07/2021
Tanah;karung;0;30;01/07/2021
Cocopeat;Karung;0;5;01/07/2021
Sekam Bakar;Karung;0;5;01/07/2021
Pupuk K Ksr;g;0;700;01/07/2021
Pupuk K Lils;g;0;400;01/07/2021
TOB;pcs;0;2;01/07/2021
Kompos;karung;0;24;01/07/2021
Tanah Lembang;karung;0;20;01/07/2021
Klinpak Alumunium Foil;pcs;0;1;01/07/2021
Fresh Seal Ware SW-22;pcs;0;1;01/07/2021
Lem Fox Kaleng;pcs;0;1;01/07/2021
Madu Murni 150 g;botol;0;1;01/07/2021
Swallow Agar Globe White;bungkus;0;7;01/07/2021
Duplex Tebal;lembar;0;7;01/07/2021
Plastik Parsel Tipis;rol;0;15;01/07/2021
Batuan Sedimen;pak;0;1;01/07/2021
Batuan Mineral;pak;0;1;01/07/2021
Batuan Beku;pak;0;1;01/07/2021
Kertas Saring;pak;0;1;01/07/2021
Potato Dextrose Agar 100 g;Botol;0;1;01/07/2021
Agar Lokal;g;0;1000;01/07/2021
Arang Sekam ;karung;0;5;01/07/2021
Alkohol 95%;ml;0;0;01/07/2021
Asam Nitrat (HNO3);g;0;0;01/07/2021
Buffer 7;ml;0;0;01/07/2021
Buffer 4;ml;0;0;01/07/2021
Dextrose;ml;0;0;01/07/2021
Spirtus;ml;0;0;01/07/2021
Pupuk Hyponex;box;0;0;01/07/2021
Clorox (byclean);botol;0;0;01/07/2021
Media NA;botol;0;0;01/07/2021
Kalsium Amonium Nitrat;g;0;0;01/07/2021
Fe - EDTA;g;0;0;01/07/2021
Monokalium Posfat (MKP) (KH?PO?);g;0;0;01/07/2021
Amonium Sulfat ((NH?)?SO?);g;0;0;01/07/2021
Magnesium Sulfat (MgSO4);g;0;0;01/07/2021
Tembaga Sulfat (CuSO4);g;0;0;01/07/2021
Seng Sulfat (ZnSO4);g;0;0;01/07/2021
Asam Borat (H3BO3);g;0;0;01/07/2021
Amonium Hepta Molibdat;g;0;0;01/07/2021
Parafin Padat/Lilin Malam;pcs;0;0;01/07/2021
Silika Gel;bungkus;0;0;01/07/2021
Lanolin;botol;0;0;01/07/2021
Vaselin ;botol;0;0;01/07/2021
IAA (AUXIN);botol;0;0;01/07/2021
GA3 (GIBERELIN);botol;0;0;01/07/2021
Asam Sitrat;g;0;0;01/07/2021
Naphthalene Acetic Acid (NAA);g;0;0;01/07/2021
PPM;ml;0;0;01/07/2021
Natrium Hidroksida (NaOH);g;0;0;01/07/2021
Arang/Carbon Aktif;g;0;0;01/07/2021
Bakterisida Agrept;g;0;0;01/07/2021
Fungisida Antracol;g;0;0;01/07/2021
Sukrosa;g;0;0;01/07/2021
Indole Butyric Acid (IBA);g;0;0;01/07/2021
Kalium Klorida (KCl | KCL);g;0;0;01/07/2021
Asam Asetat Glasial;botol;0;0;01/07/2021
Asam Asetat;botol;0;0;01/07/2021
Paclobutrazol;g;0;0;01/07/2021
Citric Acid Monohydrate;g;0;0;01/07/2021
Teknis Lugol;botol;0;0;01/07/2021
Kalium Hidroksida (KOH);botol;0;0;01/07/2021
Benih Sayuran;bks;0;0;01/07/2021
Benih Bunga;bks;0;0;01/07/2021
Ubi;g;0;0;01/07/2021
Kentang;g;0;0;01/07/2021
Macam- macam Batu Batre;g;0;0;01/07/2021
Plastik;g;0;0;01/07/2021
Bahan Bakar;ml;0;0;01/07/2021
Bibit;pak;0;0;01/07/2021
Polybag;pak;0;2;01/07/2021
Macam Macam Baterai;pcs;0;0;01/07/2021
Praktikum Fisiologi Tumbuhan;pak;0;0;01/07/2021
Praktikum Dasperlintan;paket;0;0;01/07/2021
Karung;pcs;0;0;01/07/2021
Glumon;botol;0;0;01/07/2021
Alkohol 90%;ml;0;0;01/07/2021
Benih Tanaman;bks;0;0;01/07/2021
Bahan Tanam;g;0;0;01/07/2021
Pupuk Organik;g;0;60000;01/07/2021
Pupuk Kimia;g;0;0;01/07/2021
Pestisida;g;0;0;01/07/2021
Bahan Kimia;g;0;0;01/07/2021
ATK;pak;0;0;01/07/2021
Media Bakteri;botol;0;0;01/07/2021
Media Jamur;botol;0;0;01/07/2021
Biakan Murni Mikroorganisme;petri;0;0;01/07/2021
Biakan fungi;petri;0;0;01/07/2021
Media Tanam;karung;0;0;01/07/2021
AB MIX;paket;0;0;01/07/2021
Herbisida;botol;0;0;01/07/2021
Insektisida Curacron;Botol;0;0;01/07/2021
Jaring Serangga;lembar;0;0;01/07/2021
Petrogenol (Perangkap Serangga);botol;0;0;01/07/2021
Inokulum Mikoriza;g;0;0;01/07/2021
Pupuk NPK Mutiara;g;0;0;01/07/2021
Urea;g;0;0;01/07/2021
Ponska;pak;0;0;01/07/2021
Benih Jagung Var Paragon;pak;0;0;01/07/2021
Benih Jagung 4 Varietas;pak;0;0;01/07/2021
Benih Cabai 6 Varietas;pak;0;0;01/07/2021
Benih Cabai Rawit;pak;0;0;01/07/2021
Benih Bayam;pak;0;0;01/07/2021
Benih Kacang Panjang;pak;0;0;01/07/2021
Benih sawi;pak;0;0;01/07/2021
Benih Selada;pak;0;0;01/07/2021
Benih Mentimun;pak;0;0;01/07/2021
Benih Kangkung;pak;0;0;01/07/2021
Benih Kaylan;pak;0;0;01/07/2021
Benih Buncis;pak;0;0;01/07/2021
Benih Pakcoy;pak;0;0;01/07/2021
Benih Kubis;pak;0;0;01/07/2021
Benih Semangka;pak;0;0;01/07/2021
Benih Melon;pak;0;0;01/07/2021
Benih Rosela;pak;0;0;01/07/2021
Tray Semai 48 Lubang;pak;0;0;01/07/2021
Plastik Putih Ukuran 1kg;pak;0;0;01/07/2021
Plastik Putih Ukuran 1/2 kg;pak;0;0;01/07/2021
Plastik Zip Kecil;pak;0;0;01/07/2021
Plastik Kotak;pak;0;0;01/07/2021
Curacron;pak;0;0;01/07/2021
Fungisida Amistartop;pak;0;0;01/07/2021
Furadan;g;0;0;01/07/2021
Kacang Kedelai;pak;0;0;01/07/2021
Kacang Hijau;pak;0;0;01/07/2021
AMP Samsons;pak;0;0;01/07/2021
Plastik 6 x 10 cm;pak;0;0;01/07/2021
Praktikum BPO dan BTLJB;pak;0;0;01/07/2021
Glukosa;g;800;0;01/01/2022
HCl 37%;ml;420;0;01/01/2022
Potasium Hydrogen Phospate;g;400;0;01/01/2022
Mangan Sulfat (MnSO4);g;210;200;01/01/2022
Metanol Teknis (CH?OH);ml;0;0;01/01/2022
Cobalt Chloride;g;0;0;01/01/2022
WPM;ml;0;0;01/01/2022
Alkohol 70%;ml;15000;7000;01/01/2022
MS (Media Kultur Jaringan);ml;0;10000;01/01/2022
2,4 Dichlorophenoxyacetic Acid;g;0;250;01/01/2022
Kalium Nitrat (KNO3);g;1000;1000;01/01/2022
Kalsium Nitrat (CaNO3);g;1000;0;01/01/2022
Besi (Fe);g;0;0;01/01/2022
Mangan Fosfida (MnP);g;940;0;01/01/2022
Kalium Sulfat (K2SO4);g;680;200;01/01/2022
Aenonin;g;0;0;01/01/2022
Magnesium (Mg);g;0;0;01/01/2022
Mangan (Mn);g;0;0;01/01/2022
Tembaga (Cu);g;500;0;01/01/2022
Seng (Zn);g;0;0;01/01/2022
Isoren;g;0;0;01/01/2022
Amonium;g;0;0;01/01/2022
P isag;g;0;0;01/01/2022
Iodine ;ml;50;1000;01/01/2022
Methylene Blue (Methylthioninium Chloride);ml;0;500;01/01/2022
Eosin 0,5% ;ml;220;500;01/01/2022
Aquades;ml;0;200000;01/01/2022
6-Benzylaminopurine (BAP) 1 g;g;7;2;01/01/2022
Probiotik;ml;0;0;01/01/2022
Mesran B Sae 40;ml;0;0;01/01/2022
Pertiwi Pingky Kangkung;g;0;0;01/01/2022
Deterjen;g;0;0;01/01/2022
Dedak ;g;0;0;01/01/2022
You Fragrant Bawang Daun ;g;0;0;01/01/2022
PM Maestro SP Bayam;g;0;0;01/01/2022
PM Mira (Bayam Merah) ;g;0;0;01/01/2022
PM Amigo SP Seledri;g;0;0;01/01/2022
PM Vanesa (Timun) ;g;0;0;01/01/2022
PM Bella Reg F1 (Mentimun Hyb) 20;g;0;0;01/01/2022
PM Grand Rapids (Lettuce) ;g;0;0;01/01/2022
PM Bara Reg (Cabe Rawit) ;g;0;0;01/01/2022
PM Shinta (Caisim) ;g;0;0;01/01/2022
Takii Pakchoy Green 20 ml;g;0;0;01/01/2022
You Red Rapid Lettuce Selada;g;0;0;01/01/2022
BA Natama SP F1 Tomat Super 0.15;g;0;0;01/01/2022
CS Cauliflower Tropical 10 g;g;0;0;01/01/2022
Buncis ;g;0;0;01/01/2022
MF Tomato Red Cherry;g;0;0;01/01/2022
PM Panex SP Cabe Besar F1;g;0;0;01/01/2022
Pertiwi Talenta Jagung Manis F1 250;g;0;0;01/01/2022
Kemangi;g;0;0;01/01/2022
TSP;g;0;0;01/01/2022
Pupuk Kandang;karung;0;0;01/01/2022
Tomat Permata;bks;0;0;01/01/2022
Tomat Tantyna;bks;0;0;01/01/2022
Jagung Manis Bimmo 25 g;bks;0;0;01/01/2022
Tanah;karung;0;0;01/01/2022
Cocopeat;Karung;0;0;01/01/2022
Sekam Bakar;Karung;0;0;01/01/2022
Pupuk K Ksr;g;0;0;01/01/2022
Pupuk K Lils;g;0;0;01/01/2022
TOB;pcs;0;0;01/01/2022
Kompos;karung;0;0;01/01/2022
Tanah Lembang;karung;0;0;01/01/2022
Klinpak Alumunium Foil;pcs;0;0;01/01/2022
Fresh Seal Ware SW-22;pcs;0;0;01/01/2022
Lem Fox Kaleng;pcs;0;0;01/01/2022
Madu Murni 150 g;botol;0;0;01/01/2022
Swallow Agar Globe White;bungkus;0;0;01/01/2022
Duplex Tebal;lembar;0;0;01/01/2022
Plastik Parsel Tipis;rol;0;0;01/01/2022
Batuan Sedimen;pak;0;0;01/01/2022
Batuan Mineral;pak;0;0;01/01/2022
Batuan Beku;pak;0;0;01/01/2022
Kertas Saring;pak;0;0;01/01/2022
Potato Dextrose Agar 100 g;Botol;0;1;01/01/2022
Agar Lokal;g;0;1000;01/01/2022
Arang Sekam ;karung;0;0;01/01/2022
Alkohol 95%;ml;0;12000;01/01/2022
Asam Nitrat (HNO3);g;0;1000;01/01/2022
Buffer 7;ml;0;250;01/01/2022
Buffer 4;ml;0;250;01/01/2022
Dextrose;ml;0;1000;01/01/2022
Spirtus;ml;0;2000;01/01/2022
Pupuk Hyponex;box;0;1;01/01/2022
Clorox (byclean);botol;0;3;01/01/2022
Media NA;botol;0;1;01/01/2022
Kalsium Amonium Nitrat;g;0;2000;01/01/2022
Fe - EDTA;g;0;100;01/01/2022
Monokalium Posfat (MKP) (KH?PO?);g;0;2000;01/01/2022
Amonium Sulfat ((NH?)?SO?);g;0;2000;01/01/2022
Magnesium Sulfat (MgSO4);g;0;1000;01/01/2022
Tembaga Sulfat (CuSO4);g;0;200;01/01/2022
Seng Sulfat (ZnSO4);g;0;200;01/01/2022
Asam Borat (H3BO3);g;0;200;01/01/2022
Amonium Hepta Molibdat;g;0;100;01/01/2022
Parafin Padat/Lilin Malam;pcs;0;12;01/01/2022
Silika Gel;bungkus;0;1;01/01/2022
Lanolin;botol;0;1;01/01/2022
Vaselin ;botol;0;1;01/01/2022
IAA (AUXIN);botol;0;1;01/01/2022
GA3 (GIBERELIN);botol;0;1;01/01/2022
Asam Sitrat;g;0;500;01/01/2022
Naphthalene Acetic Acid (NAA);g;0;25;01/01/2022
PPM;ml;0;60;01/01/2022
Natrium Hidroksida (NaOH);g;0;500;01/01/2022
Arang/Carbon Aktif;g;0;3000;01/01/2022
Bakterisida Agrept;g;0;1000;01/01/2022
Fungisida Antracol;g;0;750;01/01/2022
Sukrosa;g;0;1000;01/01/2022
Indole Butyric Acid (IBA);g;0;5;01/01/2022
Kalium Klorida (KCl | KCL);g;0;1000;01/01/2022
Asam Asetat Glasial;botol;0;2;01/01/2022
Asam Asetat;botol;0;2;01/01/2022
Paclobutrazol;g;0;1;01/01/2022
Citric Acid Monohydrate;g;0;1;01/01/2022
Teknis Lugol;botol;0;1;01/01/2022
Kalium Hidroksida (KOH);botol;0;1;01/01/2022
Benih Sayuran;bks;0;0;01/01/2022
Benih Bunga;bks;0;0;01/01/2022
Ubi;g;0;0;01/01/2022
Kentang;g;0;0;01/01/2022
Macam- macam Batu Batre;g;0;0;01/01/2022
Plastik;g;0;0;01/01/2022
Bahan Bakar;ml;0;0;01/01/2022
Bibit;pak;0;0;01/01/2022
Polybag;pak;0;0;01/01/2022
Macam Macam Baterai;pcs;0;0;01/01/2022
Praktikum Fisiologi Tumbuhan;pak;0;0;01/01/2022
Praktikum Dasperlintan;paket;0;0;01/01/2022
Karung;pcs;0;0;01/01/2022
Glumon;botol;0;0;01/01/2022
Alkohol 90%;ml;0;0;01/01/2022
Benih Tanaman;bks;0;0;01/01/2022
Bahan Tanam;g;0;0;01/01/2022
Pupuk Organik;g;0;0;01/01/2022
Pupuk Kimia;g;0;0;01/01/2022
Pestisida;g;0;0;01/01/2022
Bahan Kimia;g;0;0;01/01/2022
ATK;pak;0;0;01/01/2022
Media Bakteri;botol;0;0;01/01/2022
Media Jamur;botol;0;0;01/01/2022
Biakan Murni Mikroorganisme;petri;0;0;01/01/2022
Biakan fungi;petri;0;0;01/01/2022
Media Tanam;karung;0;0;01/01/2022
AB MIX;paket;0;0;01/01/2022
Herbisida;botol;0;0;01/01/2022
Insektisida Curacron;Botol;0;0;01/01/2022
Jaring Serangga;lembar;0;0;01/01/2022
Petrogenol (Perangkap Serangga);botol;0;0;01/01/2022
Inokulum Mikoriza;g;0;0;01/01/2022
Pupuk NPK Mutiara;g;0;0;01/01/2022
Urea;g;0;0;01/01/2022
Ponska;pak;0;0;01/01/2022
Benih Jagung Var Paragon;pak;0;0;01/01/2022
Benih Jagung 4 Varietas;pak;0;0;01/01/2022
Benih Cabai 6 Varietas;pak;0;0;01/01/2022
Benih Cabai Rawit;pak;0;0;01/01/2022
Benih Bayam;pak;0;0;01/01/2022
Benih Kacang Panjang;pak;0;0;01/01/2022
Benih sawi;pak;0;0;01/01/2022
Benih Selada;pak;0;0;01/01/2022
Benih Mentimun;pak;0;0;01/01/2022
Benih Kangkung;pak;0;0;01/01/2022
Benih Kaylan;pak;0;0;01/01/2022
Benih Buncis;pak;0;0;01/01/2022
Benih Pakcoy;pak;0;0;01/01/2022
Benih Kubis;pak;0;0;01/01/2022
Benih Semangka;pak;0;0;01/01/2022
Benih Melon;pak;0;0;01/01/2022
Benih Rosela;pak;0;0;01/01/2022
Tray Semai 48 Lubang;pak;0;0;01/01/2022
Plastik Putih Ukuran 1kg;pak;0;0;01/01/2022
Plastik Putih Ukuran 1/2 kg;pak;0;0;01/01/2022
Plastik Zip Kecil;pak;0;0;01/01/2022
Plastik Kotak;pak;0;0;01/01/2022
Curacron;pak;0;0;01/01/2022
Fungisida Amistartop;pak;0;0;01/01/2022
Furadan;g;0;0;01/01/2022
Kacang Kedelai;pak;0;0;01/01/2022
Kacang Hijau;pak;0;0;01/01/2022
AMP Samsons;pak;0;0;01/01/2022
Plastik 6 x 10 cm;pak;0;0;01/01/2022
Praktikum BPO dan BTLJB;pak;0;0;01/01/2022
Glukosa;g;800;0;01/07/2022
HCl 37%;ml;420;0;01/07/2022
Potasium Hydrogen Phospate;g;400;0;01/07/2022
Mangan Sulfat (MnSO4);g;410;0;01/07/2022
Metanol Teknis (CH?OH);ml;0;0;01/07/2022
Cobalt Chloride;g;0;0;01/07/2022
WPM;ml;0;0;01/07/2022
Alkohol 70%;ml;10000;0;01/07/2022
MS (Media Kultur Jaringan);ml;0;10000;01/07/2022
2,4 Dichlorophenoxyacetic Acid;g;0;100;01/07/2022
Kalium Nitrat (KNO3);g;2000;0;01/07/2022
Kalsium Nitrat (CaNO3);g;1000;0;01/07/2022
Besi (Fe);g;0;0;01/07/2022
Mangan Fosfida (MnP);g;940;0;01/07/2022
Kalium Sulfat (K2SO4);g;880;0;01/07/2022
Aenonin;g;0;0;01/07/2022
Magnesium (Mg);g;0;0;01/07/2022
Mangan (Mn);g;0;0;01/07/2022
Tembaga (Cu);g;500;0;01/07/2022
Seng (Zn);g;0;0;01/07/2022
Isoren;g;0;0;01/07/2022
Amonium;g;0;0;01/07/2022
P isag;g;0;0;01/07/2022
Iodine ;ml;1050;0;01/07/2022
Methylene Blue (Methylthioninium Chloride);ml;500;0;01/07/2022
Eosin 0,5% ;ml;720;0;01/07/2022
Aquades;ml;0;0;01/07/2022
6-Benzylaminopurine (BAP) 1 g;g;9;2;01/07/2022
Probiotik;ml;0;0;01/07/2022
Mesran B Sae 40;ml;0;0;01/07/2022
Pertiwi Pingky Kangkung;g;0;0;01/07/2022
Deterjen;g;0;0;01/07/2022
Dedak ;g;0;0;01/07/2022
You Fragrant Bawang Daun ;g;0;0;01/07/2022
PM Maestro SP Bayam;g;0;0;01/07/2022
PM Mira (Bayam Merah) ;g;0;0;01/07/2022
PM Amigo SP Seledri;g;0;0;01/07/2022
PM Vanesa (Timun) ;g;0;0;01/07/2022
PM Bella Reg F1 (Mentimun Hyb) 20;g;0;0;01/07/2022
PM Grand Rapids (Lettuce) ;g;0;0;01/07/2022
PM Bara Reg (Cabe Rawit) ;g;0;0;01/07/2022
PM Shinta (Caisim) ;g;0;0;01/07/2022
Takii Pakchoy Green 20 ml;g;0;0;01/07/2022
You Red Rapid Lettuce Selada;g;0;0;01/07/2022
BA Natama SP F1 Tomat Super 0.15;g;0;0;01/07/2022
CS Cauliflower Tropical 10 g;g;0;0;01/07/2022
Buncis ;g;0;0;01/07/2022
MF Tomato Red Cherry;g;0;0;01/07/2022
PM Panex SP Cabe Besar F1;g;0;0;01/07/2022
Pertiwi Talenta Jagung Manis F1 250;g;0;0;01/07/2022
Kemangi;g;0;0;01/07/2022
TSP;g;0;0;01/07/2022
Pupuk Kandang;karung;0;0;01/07/2022
Tomat Permata;bks;0;0;01/07/2022
Tomat Tantyna;bks;0;0;01/07/2022
Jagung Manis Bimmo 25 g;bks;0;0;01/07/2022
Tanah;karung;0;0;01/07/2022
Cocopeat;Karung;0;0;01/07/2022
Sekam Bakar;Karung;0;0;01/07/2022
Pupuk K Ksr;g;0;0;01/07/2022
Pupuk K Lils;g;0;0;01/07/2022
TOB;pcs;0;0;01/07/2022
Kompos;karung;0;0;01/07/2022
Tanah Lembang;karung;0;0;01/07/2022
Klinpak Alumunium Foil;pcs;0;0;01/07/2022
Fresh Seal Ware SW-22;pcs;0;0;01/07/2022
Lem Fox Kaleng;pcs;0;0;01/07/2022
Madu Murni 150 g;botol;0;0;01/07/2022
Swallow Agar Globe White;bungkus;0;0;01/07/2022
Duplex Tebal;lembar;0;0;01/07/2022
Plastik Parsel Tipis;rol;0;0;01/07/2022
Batuan Sedimen;pak;0;0;01/07/2022
Batuan Mineral;pak;0;0;01/07/2022
Batuan Beku;pak;0;0;01/07/2022
Kertas Saring;pak;0;0;01/07/2022
Potato Dextrose Agar 100 g;Botol;1;0;01/07/2022
Agar Lokal;g;500;0;01/07/2022
Arang Sekam ;karung;0;0;01/07/2022
Alkohol 95%;ml;0;0;01/07/2022
Asam Nitrat (HNO3);g;1000;0;01/07/2022
Buffer 7;ml;100;0;01/07/2022
Buffer 4;ml;250;0;01/07/2022
Dextrose;ml;500;0;01/07/2022
Spirtus;ml;0;0;01/07/2022
Pupuk Hyponex;box;0;0;01/07/2022
Clorox (byclean);botol;0;0;01/07/2022
Media NA;botol;1;0;01/07/2022
Kalsium Amonium Nitrat;g;2000;0;01/07/2022
Fe - EDTA;g;100;0;01/07/2022
Monokalium Posfat (MKP) (KH?PO?);g;2000;0;01/07/2022
Amonium Sulfat ((NH?)?SO?);g;2000;0;01/07/2022
Magnesium Sulfat (MgSO4);g;1000;0;01/07/2022
Tembaga Sulfat (CuSO4);g;200;0;01/07/2022
Seng Sulfat (ZnSO4);g;200;0;01/07/2022
Asam Borat (H3BO3);g;200;0;01/07/2022
Amonium Hepta Molibdat;g;0;0;01/07/2022
Parafin Padat/Lilin Malam;pcs;0;0;01/07/2022
Silika Gel;bungkus;0;0;01/07/2022
Lanolin;botol;0;0;01/07/2022
Vaselin ;botol;1;0;01/07/2022
IAA (AUXIN);botol;0;0;01/07/2022
GA3 (GIBERELIN);botol;0;0;01/07/2022
Asam Sitrat;g;0;0;01/07/2022
Naphthalene Acetic Acid (NAA);g;0;0;01/07/2022
PPM;ml;0;0;01/07/2022
Natrium Hidroksida (NaOH);g;500;0;01/07/2022
Arang/Carbon Aktif;g;0;0;01/07/2022
Bakterisida Agrept;g;1000;0;01/07/2022
Fungisida Antracol;g;750;0;01/07/2022
Sukrosa;g;1000;0;01/07/2022
Indole Butyric Acid (IBA);g;5;0;01/07/2022
Kalium Klorida (KCl | KCL);g;1000;0;01/07/2022
Asam Asetat Glasial;botol;2;0;01/07/2022
Asam Asetat;botol;2;0;01/07/2022
Paclobutrazol;g;1;0;01/07/2022
Citric Acid Monohydrate;g;1;0;01/07/2022
Teknis Lugol;botol;1;0;01/07/2022
Kalium Hidroksida (KOH);botol;1;0;01/07/2022
Benih Sayuran;bks;0;0;01/07/2022
Benih Bunga;bks;0;0;01/07/2022
Ubi;g;0;0;01/07/2022
Kentang;g;0;0;01/07/2022
Macam- macam Batu Batre;g;0;0;01/07/2022
Plastik;g;0;0;01/07/2022
Bahan Bakar;ml;0;0;01/07/2022
Bibit;pak;0;0;01/07/2022
Polybag;pak;0;0;01/07/2022
Macam Macam Baterai;pcs;0;0;01/07/2022
Praktikum Fisiologi Tumbuhan;pak;0;0;01/07/2022
Praktikum Dasperlintan;paket;0;0;01/07/2022
Karung;pcs;0;0;01/07/2022
Glumon;botol;0;0;01/07/2022
Alkohol 90%;ml;0;0;01/07/2022
Benih Tanaman;bks;0;0;01/07/2022
Bahan Tanam;g;0;0;01/07/2022
Pupuk Organik;g;0;0;01/07/2022
Pupuk Kimia;g;0;0;01/07/2022
Pestisida;g;0;0;01/07/2022
Bahan Kimia;g;0;0;01/07/2022
ATK;pak;0;0;01/07/2022
Media Bakteri;botol;0;0;01/07/2022
Media Jamur;botol;0;0;01/07/2022
Biakan Murni Mikroorganisme;petri;0;0;01/07/2022
Biakan fungi;petri;0;0;01/07/2022
Media Tanam;karung;0;0;01/07/2022
AB MIX;paket;0;0;01/07/2022
Herbisida;botol;0;0;01/07/2022
Insektisida Curacron;Botol;0;0;01/07/2022
Jaring Serangga;lembar;0;0;01/07/2022
Petrogenol (Perangkap Serangga);botol;0;0;01/07/2022
Inokulum Mikoriza;g;0;0;01/07/2022
Pupuk NPK Mutiara;g;0;0;01/07/2022
Urea;g;0;0;01/07/2022
Ponska;pak;0;0;01/07/2022
Benih Jagung Var Paragon;pak;0;0;01/07/2022
Benih Jagung 4 Varietas;pak;0;0;01/07/2022
Benih Cabai 6 Varietas;pak;0;0;01/07/2022
Benih Cabai Rawit;pak;0;0;01/07/2022
Benih Bayam;pak;0;0;01/07/2022
Benih Kacang Panjang;pak;0;0;01/07/2022
Benih sawi;pak;0;0;01/07/2022
Benih Selada;pak;0;0;01/07/2022
Benih Mentimun;pak;0;0;01/07/2022
Benih Kangkung;pak;0;0;01/07/2022
Benih Kaylan;pak;0;0;01/07/2022
Benih Buncis;pak;0;0;01/07/2022
Benih Pakcoy;pak;0;0;01/07/2022
Benih Kubis;pak;0;0;01/07/2022
Benih Semangka;pak;0;0;01/07/2022
Benih Melon;pak;0;0;01/07/2022
Benih Rosela;pak;0;0;01/07/2022
Tray Semai 48 Lubang;pak;0;0;01/07/2022
Plastik Putih Ukuran 1kg;pak;0;0;01/07/2022
Plastik Putih Ukuran 1/2 kg;pak;0;0;01/07/2022
Plastik Zip Kecil;pak;0;0;01/07/2022
Plastik Kotak;pak;0;0;01/07/2022
Curacron;pak;0;0;01/07/2022
Fungisida Amistartop;pak;0;0;01/07/2022
Furadan;g;0;0;01/07/2022
Kacang Kedelai;pak;0;0;01/07/2022
Kacang Hijau;pak;0;0;01/07/2022
AMP Samsons;pak;0;0;01/07/2022
Plastik 6 x 10 cm;pak;0;0;01/07/2022
Praktikum BPO dan BTLJB;pak;0;0;01/07/2022
Glukosa;g;800;0;01/01/2023
HCl 37%;ml;420;0;01/01/2023
Potasium Hydrogen Phospate;g;400;0;01/01/2023
Mangan Sulfat (MnSO4);g;410;0;01/01/2023
Metanol Teknis (CH?OH);ml;0;0;01/01/2023
Cobalt Chloride;g;0;0;01/01/2023
WPM;ml;0;0;01/01/2023
Alkohol 70%;ml;0;0;01/01/2023
MS (Media Kultur Jaringan);ml;0;0;01/01/2023
2,4 Dichlorophenoxyacetic Acid;g;1;0;01/01/2023
Kalium Nitrat (KNO3);g;2000;0;01/01/2023
Kalsium Nitrat (CaNO3);g;1000;0;01/01/2023
Besi (Fe);g;0;0;01/01/2023
Mangan Fosfida (MnP);g;940;0;01/01/2023
Kalium Sulfat (K2SO4);g;880;0;01/01/2023
Aenonin;g;0;0;01/01/2023
Magnesium (Mg);g;0;0;01/01/2023
Mangan (Mn);g;0;0;01/01/2023
Tembaga (Cu);g;500;0;01/01/2023
Seng (Zn);g;0;0;01/01/2023
Isoren;g;0;0;01/01/2023
Amonium;g;0;0;01/01/2023
P isag;g;0;0;01/01/2023
Iodine ;ml;1050;0;01/01/2023
Methylene Blue (Methylthioninium Chloride);ml;250;0;01/01/2023
Eosin 0,5% ;ml;50;0;01/01/2023
Aquades;ml;0;0;01/01/2023
6-Benzylaminopurine (BAP) 1 g;g;0;0;01/01/2023
Probiotik;ml;0;0;01/01/2023
Mesran B Sae 40;ml;0;0;01/01/2023
Pertiwi Pingky Kangkung;g;0;0;01/01/2023
Deterjen;g;0;0;01/01/2023
Dedak ;g;0;0;01/01/2023
You Fragrant Bawang Daun ;g;0;0;01/01/2023
PM Maestro SP Bayam;g;0;0;01/01/2023
PM Mira (Bayam Merah) ;g;0;0;01/01/2023
PM Amigo SP Seledri;g;0;0;01/01/2023
PM Vanesa (Timun) ;g;0;0;01/01/2023
PM Bella Reg F1 (Mentimun Hyb) 20;g;0;0;01/01/2023
PM Grand Rapids (Lettuce) ;g;0;0;01/01/2023
PM Bara Reg (Cabe Rawit) ;g;0;0;01/01/2023
PM Shinta (Caisim) ;g;0;0;01/01/2023
Takii Pakchoy Green 20 ml;g;0;0;01/01/2023
You Red Rapid Lettuce Selada;g;0;0;01/01/2023
BA Natama SP F1 Tomat Super 0.15;g;0;0;01/01/2023
CS Cauliflower Tropical 10 g;g;0;0;01/01/2023
Buncis ;g;0;0;01/01/2023
MF Tomato Red Cherry;g;0;0;01/01/2023
PM Panex SP Cabe Besar F1;g;0;0;01/01/2023
Pertiwi Talenta Jagung Manis F1 250;g;0;0;01/01/2023
Kemangi;g;0;0;01/01/2023
TSP;g;0;0;01/01/2023
Pupuk Kandang;karung;0;1;01/01/2023
Tomat Permata;bks;0;0;01/01/2023
Tomat Tantyna;bks;0;0;01/01/2023
Jagung Manis Bimmo 25 g;bks;0;0;01/01/2023
Tanah;karung;0;0;01/01/2023
Cocopeat;Karung;0;0;01/01/2023
Sekam Bakar;Karung;0;0;01/01/2023
Pupuk K Ksr;g;0;0;01/01/2023
Pupuk K Lils;g;0;0;01/01/2023
TOB;pcs;0;0;01/01/2023
Kompos;karung;0;0;01/01/2023
Tanah Lembang;karung;0;0;01/01/2023
Klinpak Alumunium Foil;pcs;0;0;01/01/2023
Fresh Seal Ware SW-22;pcs;0;0;01/01/2023
Lem Fox Kaleng;pcs;0;0;01/01/2023
Madu Murni 150 g;botol;0;0;01/01/2023
Swallow Agar Globe White;bungkus;0;0;01/01/2023
Duplex Tebal;lembar;0;0;01/01/2023
Plastik Parsel Tipis;rol;0;0;01/01/2023
Batuan Sedimen;pak;0;0;01/01/2023
Batuan Mineral;pak;0;0;01/01/2023
Batuan Beku;pak;0;0;01/01/2023
Kertas Saring;pak;0;0;01/01/2023
Potato Dextrose Agar 100 g;Botol;1;0;01/01/2023
Agar Lokal;g;500;0;01/01/2023
Arang Sekam ;karung;0;0;01/01/2023
Alkohol 95%;ml;0;0;01/01/2023
Asam Nitrat (HNO3);g;1000;0;01/01/2023
Buffer 7;ml;100;0;01/01/2023
Buffer 4;ml;250;0;01/01/2023
Dextrose;ml;500;0;01/01/2023
Spirtus;ml;0;0;01/01/2023
Pupuk Hyponex;box;0;0;01/01/2023
Clorox (byclean);botol;0;0;01/01/2023
Media NA;botol;1;0;01/01/2023
Kalsium Amonium Nitrat;g;2000;0;01/01/2023
Fe - EDTA;g;100;0;01/01/2023
Monokalium Posfat (MKP) (KH?PO?);g;2000;0;01/01/2023
Amonium Sulfat ((NH?)?SO?);g;2000;0;01/01/2023
Magnesium Sulfat (MgSO4);g;0;0;01/01/2023
Tembaga Sulfat (CuSO4);g;200;0;01/01/2023
Seng Sulfat (ZnSO4);g;200;0;01/01/2023
Asam Borat (H3BO3);g;200;0;01/01/2023
Amonium Hepta Molibdat;g;10;0;01/01/2023
Parafin Padat/Lilin Malam;pcs;0;0;01/01/2023
Silika Gel;bungkus;0;0;01/01/2023
Lanolin;botol;0;0;01/01/2023
Vaselin ;botol;1;0;01/01/2023
IAA (AUXIN);botol;0;0;01/01/2023
GA3 (GIBERELIN);botol;0;0;01/01/2023
Asam Sitrat;g;0;0;01/01/2023
Naphthalene Acetic Acid (NAA);g;0;0;01/01/2023
PPM;ml;0;0;01/01/2023
Natrium Hidroksida (NaOH);g;500;0;01/01/2023
Arang/Carbon Aktif;g;2000;0;01/01/2023
Bakterisida Agrept;g;1000;0;01/01/2023
Fungisida Antracol;g;750;0;01/01/2023
Sukrosa;g;1000;0;01/01/2023
Indole Butyric Acid (IBA);g;5;0;01/01/2023
Kalium Klorida (KCl | KCL);g;1000;0;01/01/2023
Asam Asetat Glasial;botol;2;0;01/01/2023
Asam Asetat;botol;2;0;01/01/2023
Paclobutrazol;g;1;0;01/01/2023
Citric Acid Monohydrate;g;1;0;01/01/2023
Teknis Lugol;botol;1;0;01/01/2023
Kalium Hidroksida (KOH);botol;1;0;01/01/2023
Benih Sayuran;bks;0;10;01/01/2023
Benih Bunga;bks;0;10;01/01/2023
Ubi;g;0;2000;01/01/2023
Kentang;g;0;1000;01/01/2023
Macam- macam Batu Batre;g;0;15000;01/01/2023
Plastik;g;0;1000;01/01/2023
Bahan Bakar;ml;0;50000;01/01/2023
Bibit;pak;0;1;01/01/2023
Polybag;pak;0;5;01/01/2023
Macam Macam Baterai;pcs;0;20;01/01/2023
Praktikum Fisiologi Tumbuhan;pak;0;1;01/01/2023
Praktikum Dasperlintan;paket;0;1;01/01/2023
Karung;pcs;0;10;01/01/2023
Glumon;botol;0;4;01/01/2023
Alkohol 90%;ml;0;5000;01/01/2023
Benih Tanaman;bks;0;0;01/01/2023
Bahan Tanam;g;0;0;01/01/2023
Pupuk Organik;g;0;0;01/01/2023
Pupuk Kimia;g;0;0;01/01/2023
Pestisida;g;0;0;01/01/2023
Bahan Kimia;g;0;0;01/01/2023
ATK;pak;0;0;01/01/2023
Media Bakteri;botol;0;0;01/01/2023
Media Jamur;botol;0;0;01/01/2023
Biakan Murni Mikroorganisme;petri;0;0;01/01/2023
Biakan fungi;petri;0;0;01/01/2023
Media Tanam;karung;0;0;01/01/2023
AB MIX;paket;0;0;01/01/2023
Herbisida;botol;0;0;01/01/2023
Insektisida Curacron;Botol;0;0;01/01/2023
Jaring Serangga;lembar;0;0;01/01/2023
Petrogenol (Perangkap Serangga);botol;0;0;01/01/2023
Inokulum Mikoriza;g;0;0;01/01/2023
Pupuk NPK Mutiara;g;0;0;01/01/2023
Urea;g;0;0;01/01/2023
Ponska;pak;0;0;01/01/2023
Benih Jagung Var Paragon;pak;0;0;01/01/2023
Benih Jagung 4 Varietas;pak;0;0;01/01/2023
Benih Cabai 6 Varietas;pak;0;0;01/01/2023
Benih Cabai Rawit;pak;0;0;01/01/2023
Benih Bayam;pak;0;0;01/01/2023
Benih Kacang Panjang;pak;0;0;01/01/2023
Benih sawi;pak;0;0;01/01/2023
Benih Selada;pak;0;0;01/01/2023
Benih Mentimun;pak;0;0;01/01/2023
Benih Kangkung;pak;0;0;01/01/2023
Benih Kaylan;pak;0;0;01/01/2023
Benih Buncis;pak;0;0;01/01/2023
Benih Pakcoy;pak;0;0;01/01/2023
Benih Kubis;pak;0;0;01/01/2023
Benih Semangka;pak;0;0;01/01/2023
Benih Melon;pak;0;0;01/01/2023
Benih Rosela;pak;0;0;01/01/2023
Tray Semai 48 Lubang;pak;0;0;01/01/2023
Plastik Putih Ukuran 1kg;pak;0;0;01/01/2023
Plastik Putih Ukuran 1/2 kg;pak;0;0;01/01/2023
Plastik Zip Kecil;pak;0;0;01/01/2023
Plastik Kotak;pak;0;0;01/01/2023
Curacron;pak;0;0;01/01/2023
Fungisida Amistartop;pak;0;0;01/01/2023
Furadan;g;0;0;01/01/2023
Kacang Kedelai;pak;0;0;01/01/2023
Kacang Hijau;pak;0;0;01/01/2023
AMP Samsons;pak;0;0;01/01/2023
Plastik 6 x 10 cm;pak;0;0;01/01/2023
Praktikum BPO dan BTLJB;pak;0;0;01/01/2023
Glukosa;g;800;0;01/07/2023
HCl 37%;ml;420;0;01/07/2023
Potasium Hydrogen Phospate;g;400;0;01/07/2023
Mangan Sulfat (MnSO4);g;410;0;01/07/2023
Metanol Teknis (CH?OH);ml;0;0;01/07/2023
Cobalt Chloride;g;0;0;01/07/2023
WPM;ml;0;0;01/07/2023
Alkohol 70%;ml;0;0;01/07/2023
MS (Media Kultur Jaringan);ml;0;0;01/07/2023
2,4 Dichlorophenoxyacetic Acid;g;1;0;01/07/2023
Kalium Nitrat (KNO3);g;2000;0;01/07/2023
Kalsium Nitrat (CaNO3);g;1000;0;01/07/2023
Besi (Fe);g;0;0;01/07/2023
Mangan Fosfida (MnP);g;940;0;01/07/2023
Kalium Sulfat (K2SO4);g;880;0;01/07/2023
Aenonin;g;0;0;01/07/2023
Magnesium (Mg);g;0;0;01/07/2023
Mangan (Mn);g;0;0;01/07/2023
Tembaga (Cu);g;500;0;01/07/2023
Seng (Zn);g;0;0;01/07/2023
Isoren;g;0;0;01/07/2023
Amonium;g;0;0;01/07/2023
P isag;g;0;0;01/07/2023
Iodine ;ml;1050;0;01/07/2023
Methylene Blue (Methylthioninium Chloride);ml;250;0;01/07/2023
Eosin 0,5% ;ml;50;0;01/07/2023
Aquades;ml;0;0;01/07/2023
6-Benzylaminopurine (BAP) 1 g;g;0;0;01/07/2023
Probiotik;ml;0;0;01/07/2023
Mesran B Sae 40;ml;0;0;01/07/2023
Pertiwi Pingky Kangkung;g;0;0;01/07/2023
Deterjen;g;0;0;01/07/2023
Dedak ;g;0;0;01/07/2023
You Fragrant Bawang Daun ;g;0;0;01/07/2023
PM Maestro SP Bayam;g;0;0;01/07/2023
PM Mira (Bayam Merah) ;g;0;0;01/07/2023
PM Amigo SP Seledri;g;0;0;01/07/2023
PM Vanesa (Timun) ;g;0;0;01/07/2023
PM Bella Reg F1 (Mentimun Hyb) 20;g;0;0;01/07/2023
PM Grand Rapids (Lettuce) ;g;0;0;01/07/2023
PM Bara Reg (Cabe Rawit) ;g;0;0;01/07/2023
PM Shinta (Caisim) ;g;0;0;01/07/2023
Takii Pakchoy Green 20 ml;g;0;0;01/07/2023
You Red Rapid Lettuce Selada;g;0;0;01/07/2023
BA Natama SP F1 Tomat Super 0.15;g;0;0;01/07/2023
CS Cauliflower Tropical 10 g;g;0;0;01/07/2023
Buncis ;g;0;0;01/07/2023
MF Tomato Red Cherry;g;0;0;01/07/2023
PM Panex SP Cabe Besar F1;g;0;0;01/07/2023
Pertiwi Talenta Jagung Manis F1 250;g;0;0;01/07/2023
Kemangi;g;0;0;01/07/2023
TSP;g;0;0;01/07/2023
Pupuk Kandang;karung;0;150;01/07/2023
Tomat Permata;bks;0;0;01/07/2023
Tomat Tantyna;bks;0;0;01/07/2023
Jagung Manis Bimmo 25 g;bks;0;0;01/07/2023
Tanah;karung;0;0;01/07/2023
Cocopeat;Karung;0;0;01/07/2023
Sekam Bakar;Karung;0;0;01/07/2023
Pupuk K Ksr;g;0;0;01/07/2023
Pupuk K Lils;g;0;0;01/07/2023
TOB;pcs;0;0;01/07/2023
Kompos;karung;0;0;01/07/2023
Tanah Lembang;karung;0;0;01/07/2023
Klinpak Alumunium Foil;pcs;0;0;01/07/2023
Fresh Seal Ware SW-22;pcs;0;0;01/07/2023
Lem Fox Kaleng;pcs;0;0;01/07/2023
Madu Murni 150 g;botol;0;0;01/07/2023
Swallow Agar Globe White;bungkus;0;0;01/07/2023
Duplex Tebal;lembar;0;0;01/07/2023
Plastik Parsel Tipis;rol;0;0;01/07/2023
Batuan Sedimen;pak;0;0;01/07/2023
Batuan Mineral;pak;0;0;01/07/2023
Batuan Beku;pak;0;0;01/07/2023
Kertas Saring;pak;0;0;01/07/2023
Potato Dextrose Agar 100 g;Botol;1;0;01/07/2023
Agar Lokal;g;500;0;01/07/2023
Arang Sekam ;karung;0;0;01/07/2023
Alkohol 95%;ml;0;0;01/07/2023
Asam Nitrat (HNO3);g;1000;0;01/07/2023
Buffer 7;ml;100;0;01/07/2023
Buffer 4;ml;250;0;01/07/2023
Dextrose;ml;500;0;01/07/2023
Spirtus;ml;0;0;01/07/2023
Pupuk Hyponex;box;0;0;01/07/2023
Clorox (byclean);botol;0;0;01/07/2023
Media NA;botol;1;0;01/07/2023
Kalsium Amonium Nitrat;g;2000;0;01/07/2023
Fe - EDTA;g;100;0;01/07/2023
Monokalium Posfat (MKP) (KH?PO?);g;2000;0;01/07/2023
Amonium Sulfat ((NH?)?SO?);g;2000;0;01/07/2023
Magnesium Sulfat (MgSO4);g;0;0;01/07/2023
Tembaga Sulfat (CuSO4);g;200;0;01/07/2023
Seng Sulfat (ZnSO4);g;200;0;01/07/2023
Asam Borat (H3BO3);g;200;0;01/07/2023
Amonium Hepta Molibdat;g;10;0;01/07/2023
Parafin Padat/Lilin Malam;pcs;0;0;01/07/2023
Silika Gel;bungkus;0;0;01/07/2023
Lanolin;botol;0;0;01/07/2023
Vaselin ;botol;1;0;01/07/2023
IAA (AUXIN);botol;0;0;01/07/2023
GA3 (GIBERELIN);botol;0;0;01/07/2023
Asam Sitrat;g;0;0;01/07/2023
Naphthalene Acetic Acid (NAA);g;0;0;01/07/2023
PPM;ml;0;0;01/07/2023
Natrium Hidroksida (NaOH);g;500;0;01/07/2023
Arang/Carbon Aktif;g;2000;0;01/07/2023
Bakterisida Agrept;g;1000;0;01/07/2023
Fungisida Antracol;g;750;0;01/07/2023
Sukrosa;g;1000;0;01/07/2023
Indole Butyric Acid (IBA);g;5;0;01/07/2023
Kalium Klorida (KCl | KCL);g;1000;0;01/07/2023
Asam Asetat Glasial;botol;2;0;01/07/2023
Asam Asetat;botol;2;0;01/07/2023
Paclobutrazol;g;1;0;01/07/2023
Citric Acid Monohydrate;g;1;0;01/07/2023
Teknis Lugol;botol;1;0;01/07/2023
Kalium Hidroksida (KOH);botol;1;0;01/07/2023
Benih Sayuran;bks;0;0;01/07/2023
Benih Bunga;bks;0;0;01/07/2023
Ubi;g;0;0;01/07/2023
Kentang;g;0;0;01/07/2023
Macam- macam Batu Batre;g;0;0;01/07/2023
Plastik;g;0;0;01/07/2023
Bahan Bakar;ml;0;50000;01/07/2023
Bibit;pak;0;150;01/07/2023
Polybag;pak;0;0;01/07/2023
Macam Macam Baterai;pcs;0;0;01/07/2023
Praktikum Fisiologi Tumbuhan;pak;0;0;01/07/2023
Praktikum Dasperlintan;paket;0;0;01/07/2023
Karung;pcs;0;0;01/07/2023
Glumon;botol;0;0;01/07/2023
Alkohol 90%;ml;0;0;01/07/2023
Benih Tanaman;bks;0;150;01/07/2023
Bahan Tanam;g;0;150000;01/07/2023
Pupuk Organik;g;0;60000;01/07/2023
Pupuk Kimia;g;0;58000;01/07/2023
Pestisida;g;0;30000;01/07/2023
Bahan Kimia;g;0;50000;01/07/2023
ATK;pak;0;30;01/07/2023
Media Bakteri;botol;0;20;01/07/2023
Media Jamur;botol;0;20;01/07/2023
Biakan Murni Mikroorganisme;petri;0;40;01/07/2023
Biakan fungi;petri;0;40;01/07/2023
Media Tanam;karung;0;150;01/07/2023
AB MIX;paket;0;40;01/07/2023
Herbisida;botol;0;40;01/07/2023
Insektisida Curacron;Botol;0;30;01/07/2023
Jaring Serangga;lembar;0;30;01/07/2023
Petrogenol (Perangkap Serangga);botol;0;60;01/07/2023
Inokulum Mikoriza;g;0;30000;01/07/2023
Pupuk NPK Mutiara;g;0;0;01/07/2023
Urea;g;0;0;01/07/2023
Ponska;pak;0;0;01/07/2023
Benih Jagung Var Paragon;pak;0;0;01/07/2023
Benih Jagung 4 Varietas;pak;0;0;01/07/2023
Benih Cabai 6 Varietas;pak;0;0;01/07/2023
Benih Cabai Rawit;pak;0;0;01/07/2023
Benih Bayam;pak;0;0;01/07/2023
Benih Kacang Panjang;pak;0;0;01/07/2023
Benih sawi;pak;0;0;01/07/2023
Benih Selada;pak;0;0;01/07/2023
Benih Mentimun;pak;0;0;01/07/2023
Benih Kangkung;pak;0;0;01/07/2023
Benih Kaylan;pak;0;0;01/07/2023
Benih Buncis;pak;0;0;01/07/2023
Benih Pakcoy;pak;0;0;01/07/2023
Benih Kubis;pak;0;0;01/07/2023
Benih Semangka;pak;0;0;01/07/2023
Benih Melon;pak;0;0;01/07/2023
Benih Rosela;pak;0;0;01/07/2023
Tray Semai 48 Lubang;pak;0;0;01/07/2023
Plastik Putih Ukuran 1kg;pak;0;0;01/07/2023
Plastik Putih Ukuran 1/2 kg;pak;0;0;01/07/2023
Plastik Zip Kecil;pak;0;0;01/07/2023
Plastik Kotak;pak;0;0;01/07/2023
Curacron;pak;0;0;01/07/2023
Fungisida Amistartop;pak;0;0;01/07/2023
Furadan;g;0;0;01/07/2023
Kacang Kedelai;pak;0;0;01/07/2023
Kacang Hijau;pak;0;0;01/07/2023
AMP Samsons;pak;0;0;01/07/2023
Plastik 6 x 10 cm;pak;0;0;01/07/2023
Praktikum BPO dan BTLJB;pak;0;0;01/07/2023
Glukosa;g;800;0;01/01/2024
HCl 37%;ml;420;0;01/01/2024
Potasium Hydrogen Phospate;g;400;0;01/01/2024
Mangan Sulfat (MnSO4);g;410;0;01/01/2024
Metanol Teknis (CH?OH);ml;0;0;01/01/2024
Cobalt Chloride;g;0;0;01/01/2024
WPM;ml;0;0;01/01/2024
Alkohol 70%;ml;0;0;01/01/2024
MS (Media Kultur Jaringan);ml;0;0;01/01/2024
2,4 Dichlorophenoxyacetic Acid;g;1;0;01/01/2024
Kalium Nitrat (KNO3);g;2000;0;01/01/2024
Kalsium Nitrat (CaNO3);g;1000;0;01/01/2024
Besi (Fe);g;0;0;01/01/2024
Mangan Fosfida (MnP);g;940;0;01/01/2024
Kalium Sulfat (K2SO4);g;880;0;01/01/2024
Aenonin;g;0;0;01/01/2024
Magnesium (Mg);g;0;0;01/01/2024
Mangan (Mn);g;0;0;01/01/2024
Tembaga (Cu);g;500;0;01/01/2024
Seng (Zn);g;0;0;01/01/2024
Isoren;g;0;0;01/01/2024
Amonium;g;0;0;01/01/2024
P isag;g;0;0;01/01/2024
Iodine ;ml;1050;0;01/01/2024
Methylene Blue (Methylthioninium Chloride);ml;250;0;01/01/2024
Eosin 0,5% ;ml;50;0;01/01/2024
Aquades;ml;0;0;01/01/2024
6-Benzylaminopurine (BAP) 1 g;g;0;0;01/01/2024
Probiotik;ml;0;0;01/01/2024
Mesran B Sae 40;ml;0;0;01/01/2024
Pertiwi Pingky Kangkung;g;0;0;01/01/2024
Deterjen;g;0;0;01/01/2024
Dedak ;g;0;0;01/01/2024
You Fragrant Bawang Daun ;g;0;0;01/01/2024
PM Maestro SP Bayam;g;0;0;01/01/2024
PM Mira (Bayam Merah) ;g;0;0;01/01/2024
PM Amigo SP Seledri;g;0;0;01/01/2024
PM Vanesa (Timun) ;g;0;0;01/01/2024
PM Bella Reg F1 (Mentimun Hyb) 20;g;0;0;01/01/2024
PM Grand Rapids (Lettuce) ;g;0;0;01/01/2024
PM Bara Reg (Cabe Rawit) ;g;0;0;01/01/2024
PM Shinta (Caisim) ;g;0;0;01/01/2024
Takii Pakchoy Green 20 ml;g;0;0;01/01/2024
You Red Rapid Lettuce Selada;g;0;0;01/01/2024
BA Natama SP F1 Tomat Super 0.15;g;0;0;01/01/2024
CS Cauliflower Tropical 10 g;g;0;0;01/01/2024
Buncis ;g;0;0;01/01/2024
MF Tomato Red Cherry;g;0;0;01/01/2024
PM Panex SP Cabe Besar F1;g;0;0;01/01/2024
Pertiwi Talenta Jagung Manis F1 250;g;0;0;01/01/2024
Kemangi;g;0;0;01/01/2024
TSP;g;0;3000;01/01/2024
Pupuk Kandang;karung;0;20;01/01/2024
Tomat Permata;bks;0;0;01/01/2024
Tomat Tantyna;bks;0;0;01/01/2024
Jagung Manis Bimmo 25 g;bks;0;0;01/01/2024
Tanah;karung;0;0;01/01/2024
Cocopeat;Karung;0;0;01/01/2024
Sekam Bakar;Karung;0;0;01/01/2024
Pupuk K Ksr;g;0;0;01/01/2024
Pupuk K Lils;g;0;0;01/01/2024
TOB;pcs;0;0;01/01/2024
Kompos;karung;0;0;01/01/2024
Tanah Lembang;karung;0;0;01/01/2024
Klinpak Alumunium Foil;pcs;0;0;01/01/2024
Fresh Seal Ware SW-22;pcs;0;0;01/01/2024
Lem Fox Kaleng;pcs;0;0;01/01/2024
Madu Murni 150 g;botol;0;0;01/01/2024
Swallow Agar Globe White;bungkus;0;0;01/01/2024
Duplex Tebal;lembar;0;0;01/01/2024
Plastik Parsel Tipis;rol;0;0;01/01/2024
Batuan Sedimen;pak;0;0;01/01/2024
Batuan Mineral;pak;0;0;01/01/2024
Batuan Beku;pak;0;0;01/01/2024
Kertas Saring;pak;0;0;01/01/2024
Potato Dextrose Agar 100 g;Botol;1;0;01/01/2024
Agar Lokal;g;500;0;01/01/2024
Arang Sekam ;karung;0;0;01/01/2024
Alkohol 95%;ml;0;0;01/01/2024
Asam Nitrat (HNO3);g;1000;0;01/01/2024
Buffer 7;ml;100;0;01/01/2024
Buffer 4;ml;250;0;01/01/2024
Dextrose;ml;500;0;01/01/2024
Spirtus;ml;0;0;01/01/2024
Pupuk Hyponex;box;0;0;01/01/2024
Clorox (byclean);botol;0;0;01/01/2024
Media NA;botol;1;0;01/01/2024
Kalsium Amonium Nitrat;g;2000;0;01/01/2024
Fe - EDTA;g;100;0;01/01/2024
Monokalium Posfat (MKP) (KH?PO?);g;2000;0;01/01/2024
Amonium Sulfat ((NH?)?SO?);g;2000;0;01/01/2024
Magnesium Sulfat (MgSO4);g;0;1000;01/01/2024
Tembaga Sulfat (CuSO4);g;200;0;01/01/2024
Seng Sulfat (ZnSO4);g;200;0;01/01/2024
Asam Borat (H3BO3);g;200;0;01/01/2024
Amonium Hepta Molibdat;g;10;0;01/01/2024
Parafin Padat/Lilin Malam;pcs;0;0;01/01/2024
Silika Gel;bungkus;0;0;01/01/2024
Lanolin;botol;0;0;01/01/2024
Vaselin ;botol;1;0;01/01/2024
IAA (AUXIN);botol;0;0;01/01/2024
GA3 (GIBERELIN);botol;0;0;01/01/2024
Asam Sitrat;g;0;0;01/01/2024
Naphthalene Acetic Acid (NAA);g;0;0;01/01/2024
PPM;ml;0;0;01/01/2024
Natrium Hidroksida (NaOH);g;500;0;01/01/2024
Arang/Carbon Aktif;g;2000;0;01/01/2024
Bakterisida Agrept;g;1000;0;01/01/2024
Fungisida Antracol;g;750;0;01/01/2024
Sukrosa;g;1000;0;01/01/2024
Indole Butyric Acid (IBA);g;5;0;01/01/2024
Kalium Klorida (KCl | KCL);g;1000;3000;01/01/2024
Asam Asetat Glasial;botol;2;0;01/01/2024
Asam Asetat;botol;2;0;01/01/2024
Paclobutrazol;g;1;0;01/01/2024
Citric Acid Monohydrate;g;1;0;01/01/2024
Teknis Lugol;botol;1;0;01/01/2024
Kalium Hidroksida (KOH);botol;1;0;01/01/2024
Benih Sayuran;bks;0;0;01/01/2024
Benih Bunga;bks;0;0;01/01/2024
Ubi;g;0;0;01/01/2024
Kentang;g;0;0;01/01/2024
Macam- macam Batu Batre;g;0;0;01/01/2024
Plastik;g;0;0;01/01/2024
Bahan Bakar;ml;0;0;01/01/2024
Bibit;pak;0;0;01/01/2024
Polybag;pak;0;10;01/01/2024
Macam Macam Baterai;pcs;0;0;01/01/2024
Praktikum Fisiologi Tumbuhan;pak;0;5;01/01/2024
Praktikum Dasperlintan;paket;0;1;01/01/2024
Karung;pcs;0;0;01/01/2024
Glumon;botol;0;0;01/01/2024
Alkohol 90%;ml;0;1000;01/01/2024
Benih Tanaman;bks;0;0;01/01/2024
Bahan Tanam;g;0;0;01/01/2024
Pupuk Organik;g;0;0;01/01/2024
Pupuk Kimia;g;0;0;01/01/2024
Pestisida;g;0;0;01/01/2024
Bahan Kimia;g;0;0;01/01/2024
ATK;pak;0;0;01/01/2024
Media Bakteri;botol;1;0;01/01/2024
Media Jamur;botol;1;0;01/01/2024
Biakan Murni Mikroorganisme;petri;0;0;01/01/2024
Biakan fungi;petri;0;0;01/01/2024
Media Tanam;karung;0;0;01/01/2024
AB MIX;paket;0;0;01/01/2024
Herbisida;botol;0;0;01/01/2024
Insektisida Curacron;Botol;0;0;01/01/2024
Jaring Serangga;lembar;0;0;01/01/2024
Petrogenol (Perangkap Serangga);botol;0;0;01/01/2024
Inokulum Mikoriza;g;0;0;01/01/2024
Pupuk NPK Mutiara;g;0;10000;01/01/2024
Urea;g;0;5000;01/01/2024
Ponska;pak;0;5;01/01/2024
Benih Jagung Var Paragon;pak;0;2;01/01/2024
Benih Jagung 4 Varietas;pak;0;4;01/01/2024
Benih Cabai 6 Varietas;pak;0;4;01/01/2024
Benih Cabai Rawit;pak;0;3;01/01/2024
Benih Bayam;pak;0;1;01/01/2024
Benih Kacang Panjang;pak;0;1;01/01/2024
Benih sawi;pak;0;2;01/01/2024
Benih Selada;pak;0;2;01/01/2024
Benih Mentimun;pak;0;2;01/01/2024
Benih Kangkung;pak;0;1;01/01/2024
Benih Kaylan;pak;0;1;01/01/2024
Benih Buncis;pak;0;2;01/01/2024
Benih Pakcoy;pak;0;2;01/01/2024
Benih Kubis;pak;0;1;01/01/2024
Benih Semangka;pak;0;2;01/01/2024
Benih Melon;pak;0;2;01/01/2024
Benih Rosela;pak;0;4;01/01/2024
Tray Semai 48 Lubang;pak;0;3;01/01/2024
Plastik Putih Ukuran 1kg;pak;0;2;01/01/2024
Plastik Putih Ukuran 1/2 kg;pak;0;4;01/01/2024
Plastik Zip Kecil;pak;0;1;01/01/2024
Plastik Kotak;pak;0;12;01/01/2024
Curacron;pak;0;1;01/01/2024
Fungisida Amistartop;pak;0;1;01/01/2024
Furadan;g;0;4000;01/01/2024
Kacang Kedelai;pak;0;1;01/01/2024
Kacang Hijau;pak;0;2;01/01/2024
AMP Samsons;pak;0;1;01/01/2024
Plastik 6 x 10 cm;pak;0;2;01/01/2024
Praktikum BPO dan BTLJB;pak;0;2;01/01/2024
